USER_ID,USER_NAME,COUNTRY,SUBSCRIPTION_TYPE,START_DATE,END_DATE,UPDATED_AT
1,Carlos Berry,Switzerland,Premium,2023-10-17,,2025-09-23 19:49:55.000
2,Amanda Jenkins,Montserrat,Family,2024-09-28,,2025-09-29 19:49:55.000
3,Daniel Cook,Chile,Premium,2025-07-07,,2025-09-08 19:49:55.000
4,Peter Hernandez,Nigeria,Free,2024-07-16,,2025-09-29 19:49:55.000
5,Yolanda Morris,Aruba,Premium,2025-05-12,,2025-09-17 19:49:55.000
6,Stephen Murphy,Cook Islands,Free,2025-06-17,,2025-09-12 19:49:55.000
7,Anthony Andrews Jr.,Libyan Arab Jamahiriya,Free,2024-06-08,,2025-09-20 19:49:55.000
8,Felicia Jones,Haiti,Family,2024-09-20,,2025-09-08 19:49:55.000
9,Hector Decker,Palau,Family,2024-01-08,,2025-09-29 19:49:55.000
10,Frank Davis,New Zealand,Family,2023-12-13,,2025-09-22 19:49:55.000
11,Erica Hayes,Gibraltar,Free,2025-06-30,,2025-09-25 19:49:55.000
12,Abigail Valentine,Saint Helena,Free,2024-03-02,,2025-09-17 19:49:55.000
13,Judy Simmons,Kenya,Premium,2024-05-01,,2025-09-28 19:49:55.000
14,Nicholas Anderson,Oman,Family,2024-02-29,,2025-09-20 19:49:55.000
15,Michael Gibson,Saint Martin,Free,2024-02-04,,2025-09-10 19:49:55.000
16,Sabrina Lopez,Pitcairn Islands,Family,2024-02-20,,2025-10-07 19:49:55.000
17,Christine Johnson,Liberia,Family,2025-04-29,,2025-10-04 19:49:55.000
18,Robert Anderson,Christmas Island,Free,2024-01-02,,2025-10-05 19:49:55.000
19,Jose Hamilton,Tonga,Premium,2024-10-17,,2025-09-24 19:49:55.000
20,Harold Taylor,Nicaragua,Family,2025-06-13,,2025-10-01 19:49:55.000
21,Joseph White,Nigeria,Premium,2025-10-05,,2025-09-12 19:49:55.000
22,Cody Jackson,Norfolk Island,Family,2024-07-03,,2025-09-18 19:49:55.000
23,Leslie Brown,Iraq,Premium,2024-12-28,,2025-09-07 19:49:55.000
24,Jessica Chapman,Martinique,Premium,2025-03-31,,2025-10-01 19:49:55.000
25,Brett Sullivan,Macao,Family,2024-02-24,,2025-09-20 19:49:55.000
26,Mr. Steven Contreras,Dominica,Free,2024-04-25,,2025-10-06 19:49:55.000
27,Gary Lynch,Mauritania,Premium,2024-06-05,,2025-09-22 19:49:55.000
28,Jeremy Martin,El Salvador,Family,2024-12-31,,2025-09-20 19:49:55.000
29,Jennifer Harmon,French Guiana,Free,2024-02-03,,2025-10-05 19:49:55.000
30,Tamara Harrison,Bahamas,Family,2024-06-14,,2025-10-06 19:49:55.000
31,Tammy Cook,Bolivia,Premium,2025-02-15,,2025-10-02 19:49:55.000
32,Jeffrey Reyes,Dominica,Free,2024-01-12,,2025-09-10 19:49:55.000
33,Eric Cain,Tokelau,Family,2024-11-16,,2025-09-11 19:49:55.000
34,Joshua Smith,Ethiopia,Free,2024-09-05,,2025-09-23 19:49:55.000
35,Derrick Jefferson,Hungary,Free,2023-11-11,,2025-09-22 19:49:55.000
36,Brett Adams,Croatia,Premium,2024-02-12,,2025-09-10 19:49:55.000
37,Miranda Arias,Bermuda,Family,2024-06-25,,2025-09-27 19:49:55.000
38,Gary Salazar,Falkland Islands (Malvinas),Family,2025-09-24,,2025-09-12 19:49:55.000
39,Ryan Gutierrez,Lao People's Democratic Republic,Family,2024-04-24,,2025-09-30 19:49:55.000
40,Jacqueline Harrington,Malta,Family,2024-04-14,,2025-09-10 19:49:55.000
41,Victor Schmidt,Dominica,Free,2024-09-10,,2025-09-12 19:49:55.000
42,Amy Anderson,Eritrea,Premium,2024-10-16,,2025-10-07 19:49:55.000
43,David Taylor,Guyana,Family,2024-07-21,,2025-10-03 19:49:55.000
44,Michael Wood,Israel,Family,2024-05-05,,2025-09-07 19:49:55.000
45,David Leonard,Burkina Faso,Family,2024-08-02,,2025-09-18 19:49:55.000
46,Carl Trevino,Romania,Free,2024-09-16,,2025-09-22 19:49:55.000
47,Theresa Potter,Bangladesh,Premium,2023-10-22,,2025-09-07 19:49:55.000
48,Kenneth Davis,Romania,Premium,2024-12-11,,2025-09-20 19:49:55.000
49,Antonio Hall,Azerbaijan,Family,2024-05-05,,2025-09-27 19:49:55.000
50,Sara Goodman,Jordan,Premium,2024-12-06,,2025-09-22 19:49:55.000
51,Terrance Murphy,American Samoa,Premium,2023-12-20,,2025-09-10 19:49:55.000
52,Gabrielle Garza,Bouvet Island (Bouvetoya),Premium,2025-05-24,,2025-10-01 19:49:55.000
53,David Smith,Palestinian Territory,Family,2024-06-29,,2025-09-17 19:49:55.000
54,Amy Phillips,Finland,Free,2024-01-24,,2025-10-07 19:49:55.000
55,Justin Dyer,Morocco,Free,2024-06-24,,2025-09-09 19:49:55.000
56,William Murphy,Timor-Leste,Free,2025-09-09,,2025-09-24 19:49:55.000
57,Brandon Sloan,Svalbard & Jan Mayen Islands,Free,2024-10-06,,2025-09-16 19:49:55.000
58,Christopher Martinez,Georgia,Family,2025-03-23,,2025-09-27 19:49:55.000
59,Dr. Sheri Parrish DVM,United States Virgin Islands,Free,2024-06-18,,2025-10-05 19:49:55.000
60,Haley Clark,Vanuatu,Free,2023-10-26,,2025-09-30 19:49:55.000
61,Joanna Brewer,Holy See (Vatican City State),Family,2024-12-02,,2025-09-27 19:49:55.000
62,William Patel,Cook Islands,Free,2024-12-08,,2025-09-10 19:49:55.000
63,Kyle Khan,Australia,Free,2024-02-20,,2025-09-14 19:49:55.000
64,Clarence Figueroa,Papua New Guinea,Premium,2024-09-09,,2025-09-23 19:49:55.000
65,Michael Barton,Namibia,Free,2024-09-23,,2025-10-01 19:49:55.000
66,Mark Cochran,Nepal,Free,2024-06-13,,2025-10-07 19:49:55.000
67,Michael Hunter,Antigua and Barbuda,Family,2024-04-07,,2025-09-22 19:49:55.000
68,Donald Montgomery,French Polynesia,Premium,2024-03-13,,2025-10-03 19:49:55.000
69,Gregory Hart,Syrian Arab Republic,Premium,2025-01-10,,2025-10-05 19:49:55.000
70,Anne Scott,Tuvalu,Premium,2024-04-01,,2025-09-22 19:49:55.000
71,Melvin Jones,Iran,Family,2025-02-02,,2025-10-03 19:49:55.000
72,Elizabeth Petty,Belarus,Free,2024-11-02,,2025-09-09 19:49:55.000
73,David Coleman,Hungary,Family,2024-05-05,,2025-09-12 19:49:55.000
74,Willie Walker,United States Virgin Islands,Free,2024-11-03,,2025-10-02 19:49:55.000
75,Brianna Johnson,Brazil,Family,2024-02-06,,2025-10-06 19:49:55.000
76,Jason Rush,El Salvador,Family,2024-11-15,,2025-10-05 19:49:55.000
77,Erica Dunn,Central African Republic,Free,2023-10-28,,2025-09-30 19:49:55.000
78,Alexander Hunter,Suriname,Free,2024-07-11,,2025-10-01 19:49:55.000
79,Juan Clark,Timor-Leste,Family,2024-12-06,,2025-09-07 19:49:55.000
80,Jeremy Santiago,Saudi Arabia,Premium,2024-12-16,,2025-09-26 19:49:55.000
81,Justin Young,Pitcairn Islands,Free,2025-08-30,,2025-09-28 19:49:55.000
82,Sheena Hurley,United States Minor Outlying Islands,Premium,2025-04-11,,2025-09-21 19:49:55.000
83,Sarah Hinton,Christmas Island,Free,2023-11-21,,2025-09-18 19:49:55.000
84,Amber Butler,Georgia,Family,2024-03-15,,2025-10-03 19:49:55.000
85,Lisa Sherman,Japan,Family,2024-01-31,,2025-09-11 19:49:55.000
86,Kara Lucero,Croatia,Free,2023-12-22,,2025-10-06 19:49:55.000
87,Mrs. Marie Lyons,Afghanistan,Family,2025-05-13,,2025-09-14 19:49:55.000
88,Mary Rich,Croatia,Family,2025-10-05,,2025-09-27 19:49:55.000
89,Holly Trujillo,Bolivia,Family,2024-12-06,,2025-09-07 19:49:55.000
90,Michaela Mendez,Poland,Premium,2025-01-12,,2025-09-07 19:49:55.000
91,Keith Sanchez,American Samoa,Premium,2025-01-01,,2025-09-22 19:49:55.000
92,Chelsea Thomas,Svalbard & Jan Mayen Islands,Free,2024-08-12,,2025-09-14 19:49:55.000
93,Carolyn Alvarez,Benin,Family,2024-06-09,,2025-09-15 19:49:55.000
94,Rachel Chavez,Tuvalu,Premium,2024-06-25,,2025-09-09 19:49:55.000
95,Brian Lopez,Vietnam,Premium,2025-09-14,,2025-09-09 19:49:55.000
96,Ashley Skinner,Togo,Premium,2024-09-22,,2025-09-28 19:49:55.000
97,Joseph Rivera,Nepal,Free,2024-04-20,,2025-09-26 19:49:55.000
98,Nicholas Grimes,Papua New Guinea,Free,2024-04-13,,2025-10-05 19:49:55.000
99,Elijah Armstrong,Turks and Caicos Islands,Free,2024-01-01,,2025-09-24 19:49:55.000
100,Erica Brown,Qatar,Premium,2024-06-16,,2025-09-19 19:49:55.000
101,Kayla Gonzalez,Rwanda,Premium,2025-03-02,,2025-10-02 19:49:55.000
102,Jeffrey Phillips,Egypt,Family,2025-04-06,,2025-09-11 19:49:55.000
103,Amy Best,Netherlands,Premium,2024-01-15,,2025-09-22 19:49:55.000
104,Michael Meza,Mexico,Family,2023-12-11,,2025-10-07 19:49:55.000
105,Dana Martinez,Guam,Family,2025-05-31,,2025-09-10 19:49:55.000
106,Martha Miller,Niger,Premium,2024-11-25,,2025-10-03 19:49:55.000
107,Mr. Brian Horton,Kyrgyz Republic,Premium,2024-12-24,,2025-10-03 19:49:55.000
108,Michael James,Lithuania,Family,2025-02-19,,2025-09-18 19:49:55.000
109,Dean Hunt,French Guiana,Free,2025-08-05,,2025-09-15 19:49:55.000
110,Richard Martinez,Isle of Man,Free,2023-12-19,,2025-10-01 19:49:55.000
111,Donna Hansen,Gibraltar,Premium,2024-07-21,,2025-10-05 19:49:55.000
112,Kenneth Miller,Ukraine,Free,2024-05-31,,2025-10-07 19:49:55.000
113,Anna Turner DDS,China,Free,2024-12-14,,2025-09-21 19:49:55.000
114,Patrick Olson,Ecuador,Family,2024-01-03,,2025-09-15 19:49:55.000
115,Chad Jones,China,Family,2025-08-20,,2025-10-01 19:49:55.000
116,Jacob Rodriguez,Croatia,Family,2024-06-09,,2025-09-25 19:49:55.000
117,Heather Johnson,Angola,Family,2025-08-30,,2025-09-26 19:49:55.000
118,Sarah Gonzalez,Guernsey,Premium,2024-06-17,,2025-10-02 19:49:55.000
119,Natalie Barrett,Kazakhstan,Premium,2024-05-13,,2025-10-05 19:49:55.000
120,Curtis Cunningham,Cuba,Family,2024-06-30,,2025-09-29 19:49:55.000
121,Seth Ruiz,British Virgin Islands,Free,2024-05-04,,2025-09-26 19:49:55.000
122,Lawrence Odonnell,Saint Kitts and Nevis,Family,2024-05-19,,2025-09-25 19:49:55.000
123,Jeffery Smith,Malaysia,Premium,2024-04-18,,2025-09-24 19:49:55.000
124,Melody Wright,Ghana,Free,2024-10-31,,2025-09-20 19:49:55.000
125,Christopher Cole,Mauritius,Premium,2025-07-10,,2025-09-23 19:49:55.000
126,Kayla Sullivan,Montserrat,Free,2024-01-19,,2025-10-02 19:49:55.000
127,William Taylor,United States of America,Premium,2024-04-22,,2025-09-08 19:49:55.000
128,Sherry Sweeney,Belgium,Premium,2024-05-13,,2025-09-26 19:49:55.000
129,Stephanie Robinson,Malaysia,Family,2025-04-22,,2025-10-06 19:49:55.000
130,Lori Cameron,Sierra Leone,Family,2023-12-30,,2025-09-26 19:49:55.000
131,Mary Paul,Brunei Darussalam,Free,2025-06-15,,2025-09-17 19:49:55.000
132,Ashley Davidson,Samoa,Premium,2025-08-28,,2025-10-07 19:49:55.000
133,Marcus Davis,Portugal,Family,2024-05-29,,2025-09-22 19:49:55.000
134,Willie Jones,Brunei Darussalam,Free,2025-02-21,,2025-09-29 19:49:55.000
135,Julie Dominguez,Chile,Premium,2025-06-18,,2025-10-01 19:49:55.000
136,Andrew Thomas,India,Free,2024-12-21,,2025-09-28 19:49:55.000
137,Amy Weeks,Sao Tome and Principe,Family,2024-07-02,,2025-09-09 19:49:55.000
138,Courtney Deleon,Equatorial Guinea,Free,2025-02-03,,2025-10-02 19:49:55.000
139,Samantha Hampton,Turkey,Family,2024-10-28,,2025-09-30 19:49:55.000
140,Victoria Sanchez DVM,Gambia,Premium,2024-11-10,,2025-09-24 19:49:55.000
141,David Ellison,Romania,Free,2023-11-30,,2025-09-13 19:49:55.000
142,Alicia Aguilar MD,Brunei Darussalam,Family,2025-08-06,,2025-09-22 19:49:55.000
143,Robert Mitchell,Iran,Free,2024-10-26,,2025-09-19 19:49:55.000
144,Lisa Hopkins,Maldives,Premium,2025-01-03,,2025-09-19 19:49:55.000
145,Karen Clarke,Gambia,Premium,2024-03-19,,2025-09-27 19:49:55.000
146,Mark Payne,Saint Kitts and Nevis,Free,2025-08-26,,2025-10-01 19:49:55.000
147,Micheal Smith,Samoa,Family,2025-08-03,,2025-09-20 19:49:55.000
148,Chase Moore,Zambia,Family,2024-03-13,,2025-09-18 19:49:55.000
149,Jonathan Zhang,Honduras,Family,2025-08-25,,2025-09-15 19:49:55.000
150,Abigail Olsen,Uruguay,Free,2024-03-04,,2025-10-07 19:49:55.000
151,Lisa Bell,Gabon,Premium,2024-07-27,,2025-09-16 19:49:55.000
152,Jeffrey Vega,Guatemala,Premium,2024-12-07,,2025-09-09 19:49:55.000
153,Antonio Gutierrez,Maldives,Free,2025-06-04,,2025-09-16 19:49:55.000
154,David Cameron,United Arab Emirates,Premium,2024-10-30,,2025-09-09 19:49:55.000
155,Edward Powers,Australia,Premium,2025-01-19,,2025-09-30 19:49:55.000
156,Tony Morales,India,Premium,2024-05-17,,2025-09-18 19:49:55.000
157,Kathleen Simpson,Barbados,Family,2023-12-20,,2025-10-02 19:49:55.000
158,Brian Moore,Azerbaijan,Free,2023-10-10,,2025-09-13 19:49:55.000
159,Lisa Grimes,United States of America,Premium,2025-06-08,,2025-10-07 19:49:55.000
160,Michael Reid,British Indian Ocean Territory (Chagos Archipelago),Family,2025-01-08,,2025-09-12 19:49:55.000
161,Dylan Barker,Syrian Arab Republic,Free,2024-01-12,,2025-09-13 19:49:55.000
162,Samantha Woods,Libyan Arab Jamahiriya,Free,2024-11-23,,2025-09-10 19:49:55.000
163,Melissa Neal,Guatemala,Family,2023-11-19,,2025-09-20 19:49:55.000
164,Tracy Floyd,Libyan Arab Jamahiriya,Family,2023-10-07,,2025-09-18 19:49:55.000
165,Steven Haney,Ghana,Family,2024-02-19,,2025-09-28 19:49:55.000
166,Daniel Rodriguez,Maldives,Family,2023-10-27,,2025-09-16 19:49:55.000
167,Kevin Hill,Ukraine,Free,2024-10-31,,2025-10-02 19:49:55.000
168,Jordan Miller,Poland,Premium,2025-09-09,,2025-10-01 19:49:55.000
169,Heidi Chandler,Suriname,Free,2024-09-03,,2025-09-09 19:49:55.000
170,James Mayer,Namibia,Free,2025-03-30,,2025-09-24 19:49:55.000
171,Ryan Romero,Sudan,Family,2024-07-22,,2025-09-25 19:49:55.000
172,Amber Anderson,Cambodia,Free,2024-04-20,,2025-09-22 19:49:55.000
173,Vincent Owens PhD,Azerbaijan,Free,2024-09-08,,2025-10-05 19:49:55.000
174,Madison Burns,American Samoa,Family,2025-06-22,,2025-10-01 19:49:55.000
175,Robert Brown,Macao,Free,2025-06-26,,2025-09-11 19:49:55.000
176,Kelsey Rodriguez,Guernsey,Free,2025-05-13,,2025-09-20 19:49:55.000
177,Victoria Guzman,Swaziland,Free,2024-12-07,,2025-10-01 19:49:55.000
178,Lucas Nichols,Saudi Arabia,Free,2025-05-25,,2025-10-03 19:49:55.000
179,Mary Moore,Kiribati,Premium,2024-05-21,,2025-09-29 19:49:55.000
180,Donald Craig,Sweden,Family,2024-08-22,,2025-09-22 19:49:55.000
181,Joanna Avila,Benin,Family,2024-07-05,,2025-09-11 19:49:55.000
182,Adam Miller,Macao,Premium,2025-04-03,,2025-09-27 19:49:55.000
183,Stacey Sanchez,Western Sahara,Premium,2025-02-15,,2025-09-12 19:49:55.000
184,Jennifer Johnston,Japan,Family,2025-01-14,,2025-10-05 19:49:55.000
185,Vanessa Burns,Taiwan,Free,2025-02-03,,2025-09-28 19:49:55.000
186,Julie Cox,Benin,Free,2024-07-24,,2025-09-16 19:49:55.000
187,Janet Davis,Mali,Free,2024-05-05,,2025-09-10 19:49:55.000
188,Robert Murphy,Cameroon,Premium,2024-08-10,,2025-09-11 19:49:55.000
189,Frank Perry,Mozambique,Premium,2024-03-23,,2025-09-23 19:49:55.000
190,Anthony Rodriguez,Nepal,Family,2025-03-02,,2025-09-11 19:49:55.000
191,Thomas Schmidt,Chad,Family,2024-05-30,,2025-09-12 19:49:55.000
192,Marc Rodriguez,Nepal,Family,2024-01-10,,2025-09-23 19:49:55.000
193,Pamela Montgomery,Monaco,Family,2024-03-10,,2025-09-12 19:49:55.000
194,Robert Lane,North Macedonia,Free,2024-10-25,,2025-09-09 19:49:55.000
195,Timothy Austin,Japan,Free,2024-06-25,,2025-10-04 19:49:55.000
196,Nicole Rowe,Tokelau,Premium,2025-09-18,,2025-09-10 19:49:55.000
197,Amanda Flores,Turkmenistan,Family,2025-07-08,,2025-09-27 19:49:55.000
198,John Rivas,Australia,Premium,2025-06-16,,2025-09-07 19:49:55.000
199,Stephanie Warren,British Virgin Islands,Premium,2024-03-03,,2025-09-25 19:49:55.000
200,Kimberly Price,Spain,Free,2025-09-02,,2025-10-06 19:49:55.000
201,Alan Cruz,Kazakhstan,Free,2025-08-22,,2025-09-09 19:49:55.000
202,Destiny Beard,Palestinian Territory,Family,2025-07-13,,2025-09-25 19:49:55.000
203,Brittany Hernandez,Bolivia,Free,2024-01-20,,2025-09-19 19:49:55.000
204,Jordan Wright,Uganda,Free,2025-03-20,,2025-10-04 19:49:55.000
205,Corey Garcia,Micronesia,Premium,2024-09-21,,2025-09-23 19:49:55.000
206,Denise Bishop,Tonga,Free,2025-04-19,,2025-09-15 19:49:55.000
207,Amy King,Niue,Premium,2025-09-14,,2025-10-04 19:49:55.000
208,Scott Weaver,Korea,Free,2024-07-17,,2025-10-06 19:49:55.000
209,Nicholas Chavez,Sao Tome and Principe,Family,2024-01-29,,2025-09-09 19:49:55.000
210,Shannon Dunn,Brazil,Free,2025-03-02,,2025-09-11 19:49:55.000
211,Derek Jones,Malta,Family,2024-12-08,,2025-09-16 19:49:55.000
212,Alexis Howard,Monaco,Free,2023-12-17,,2025-09-19 19:49:55.000
213,William Williams,Jersey,Free,2025-04-09,,2025-09-09 19:49:55.000
214,Mariah Giles,Botswana,Free,2024-10-24,,2025-10-02 19:49:55.000
215,Timothy Daniel,Grenada,Family,2024-02-27,,2025-09-30 19:49:55.000
216,Andrew Brown,Cambodia,Family,2023-10-10,,2025-09-19 19:49:55.000
217,Steven Smith,Pitcairn Islands,Free,2025-04-25,,2025-09-09 19:49:55.000
218,Mary Bond,British Virgin Islands,Family,2025-09-06,,2025-09-16 19:49:55.000
219,Connie Adams,Bahrain,Premium,2025-01-31,,2025-09-08 19:49:55.000
220,Paula Graham,Cocos (Keeling) Islands,Free,2024-11-04,,2025-09-09 19:49:55.000
221,Michael Kim,Russian Federation,Premium,2024-09-19,,2025-09-28 19:49:55.000
222,Whitney Howard,Kyrgyz Republic,Premium,2025-02-21,,2025-09-21 19:49:55.000
223,Lauren Lawson,Tanzania,Premium,2025-02-26,,2025-09-29 19:49:55.000
224,Steven Carter,Czech Republic,Premium,2025-06-24,,2025-09-17 19:49:55.000
225,Mary Graham,Guadeloupe,Family,2023-12-02,,2025-09-18 19:49:55.000
226,Lisa Hanson,Nicaragua,Premium,2024-03-31,,2025-09-28 19:49:55.000
227,Elizabeth Charles,Cameroon,Premium,2025-09-11,,2025-09-24 19:49:55.000
228,Linda Gordon,Tonga,Premium,2024-09-23,,2025-09-13 19:49:55.000
229,David Friedman,Zimbabwe,Family,2025-02-26,,2025-09-14 19:49:55.000
230,David Aguilar,Congo,Free,2024-08-18,,2025-09-15 19:49:55.000
231,Mary Wiley,Tonga,Premium,2025-07-11,,2025-10-05 19:49:55.000
232,Mike Thompson,Senegal,Free,2024-07-19,,2025-09-23 19:49:55.000
233,Erica Avila,Tuvalu,Free,2023-10-08,,2025-09-19 19:49:55.000
234,Hannah Brown,Nicaragua,Family,2024-06-28,,2025-09-24 19:49:55.000
235,Erin Johnson,Dominican Republic,Free,2025-03-16,,2025-10-06 19:49:55.000
236,Michael Bean,Indonesia,Premium,2024-12-10,,2025-09-18 19:49:55.000
237,Michael Mccall,Moldova,Family,2025-04-15,,2025-09-07 19:49:55.000
238,Andrea Powell,Anguilla,Family,2025-09-01,,2025-09-07 19:49:55.000
239,Nancy Bush,Mayotte,Premium,2025-06-03,,2025-09-07 19:49:55.000
240,Brandon Wong,Jamaica,Free,2024-05-25,,2025-09-08 19:49:55.000
241,Jeremiah Hines,Namibia,Free,2024-07-29,,2025-10-05 19:49:55.000
242,Gregory Flynn,Brunei Darussalam,Family,2025-03-09,,2025-10-04 19:49:55.000
243,Martha Martin,Chad,Premium,2024-05-11,,2025-10-06 19:49:55.000
244,Jenna Salazar,Iceland,Family,2023-12-28,,2025-09-26 19:49:55.000
245,Douglas Mckinney,Croatia,Free,2023-11-29,,2025-09-30 19:49:55.000
246,Jason Williams,Sierra Leone,Free,2025-05-19,,2025-09-16 19:49:55.000
247,Christopher Morgan,Guadeloupe,Free,2024-01-22,,2025-09-09 19:49:55.000
248,Edward Delacruz,Greece,Free,2024-09-10,,2025-09-19 19:49:55.000
249,Michael Parsons,Gabon,Premium,2024-04-01,,2025-09-19 19:49:55.000
250,Elizabeth Miller,Nigeria,Family,2024-09-18,,2025-09-26 19:49:55.000
251,Jerry Booth,Lithuania,Family,2023-11-04,,2025-09-17 19:49:55.000
252,Dr. Rebecca Ramirez,Djibouti,Free,2025-05-07,,2025-09-22 19:49:55.000
253,Andrew Glover,Saint Pierre and Miquelon,Free,2025-09-05,,2025-09-16 19:49:55.000
254,David Rice,Barbados,Free,2023-12-02,,2025-09-12 19:49:55.000
255,Holly Thomas,Afghanistan,Premium,2024-11-13,,2025-09-12 19:49:55.000
256,Matthew Smith,Gabon,Free,2024-12-26,,2025-09-21 19:49:55.000
257,Brandon Frost,Norway,Family,2024-02-17,,2025-09-30 19:49:55.000
258,Nathaniel Quinn,Canada,Free,2025-05-23,,2025-09-12 19:49:55.000
259,Brandon Hernandez,Guadeloupe,Free,2024-01-05,,2025-10-04 19:49:55.000
260,Veronica Munoz,Italy,Premium,2024-11-02,,2025-09-13 19:49:55.000
261,Jennifer Weaver,New Zealand,Free,2024-11-30,,2025-09-22 19:49:55.000
262,Terri Spears,United Arab Emirates,Free,2023-11-22,,2025-09-11 19:49:55.000
263,Kelly Guerrero,Myanmar,Premium,2024-10-22,,2025-09-16 19:49:55.000
264,Holly Porter,Burundi,Free,2025-06-06,,2025-09-21 19:49:55.000
265,Kimberly Weeks,Uganda,Free,2024-01-30,,2025-09-08 19:49:55.000
266,Katherine Williams,Cyprus,Family,2025-02-18,,2025-10-07 19:49:55.000
267,Catherine Blair,Cook Islands,Premium,2025-09-12,,2025-10-06 19:49:55.000
268,Cynthia Vega,Belgium,Family,2024-05-11,,2025-09-12 19:49:55.000
269,James Cox,Seychelles,Free,2024-10-06,,2025-09-23 19:49:55.000
270,Suzanne Hodge,Czech Republic,Premium,2024-07-17,,2025-09-16 19:49:55.000
271,Kerry Stark,Bosnia and Herzegovina,Free,2024-12-18,,2025-10-03 19:49:55.000
272,Joseph Johnson,Bahrain,Premium,2024-11-03,,2025-09-19 19:49:55.000
273,Linda Pope,Timor-Leste,Premium,2024-05-10,,2025-09-29 19:49:55.000
274,David Bolton DVM,Jordan,Family,2025-04-24,,2025-09-18 19:49:55.000
275,Rachel York,France,Free,2024-03-03,,2025-09-10 19:49:55.000
276,Michele Mitchell,Micronesia,Free,2023-11-05,,2025-10-05 19:49:55.000
277,Jamie Hanson,Nepal,Family,2025-03-11,,2025-09-27 19:49:55.000
278,Charles Wilson DVM,Cote d'Ivoire,Free,2024-04-20,,2025-09-28 19:49:55.000
279,Andrea Todd,Norfolk Island,Premium,2024-08-31,,2025-09-08 19:49:55.000
280,Michael Sullivan II,Guadeloupe,Free,2023-11-27,,2025-09-22 19:49:55.000
281,Donna Soto,Russian Federation,Premium,2023-10-14,,2025-09-14 19:49:55.000
282,Michael Smith,Belgium,Premium,2024-09-04,,2025-09-08 19:49:55.000
283,Sheri Crane,Liechtenstein,Free,2025-06-13,,2025-09-10 19:49:55.000
284,Brandy Freeman,Cyprus,Premium,2023-11-24,,2025-09-26 19:49:55.000
285,Brian Vaughan,Bosnia and Herzegovina,Family,2023-12-02,,2025-09-22 19:49:55.000
286,Christopher Mccormick,France,Family,2025-09-01,,2025-10-04 19:49:55.000
287,Amanda Rodriguez,Reunion,Premium,2024-02-21,,2025-09-20 19:49:55.000
288,Joseph Dickson,Isle of Man,Premium,2025-06-28,,2025-09-07 19:49:55.000
289,Victor Edwards,Bolivia,Family,2024-06-26,,2025-09-07 19:49:55.000
290,James Copeland,South Africa,Family,2024-05-10,,2025-09-17 19:49:55.000
291,Michael Diaz,Brazil,Free,2024-06-14,,2025-09-18 19:49:55.000
292,Bradley Hughes,Liechtenstein,Free,2025-07-23,,2025-10-03 19:49:55.000
293,Isabella Moore,Saint Helena,Free,2025-01-14,,2025-09-08 19:49:55.000
294,Elaine Smith,Saint Pierre and Miquelon,Premium,2023-11-13,,2025-10-02 19:49:55.000
295,Ashley Harris,Palau,Family,2024-02-12,,2025-09-20 19:49:55.000
296,Kathryn Contreras,Albania,Premium,2024-03-17,,2025-09-09 19:49:55.000
297,Sarah Rangel,Niue,Family,2025-03-12,,2025-10-02 19:49:55.000
298,Heather Barker,Libyan Arab Jamahiriya,Family,2023-10-15,,2025-09-18 19:49:55.000
299,Erik Wall,Cyprus,Family,2024-09-18,,2025-09-26 19:49:55.000
300,Sherry Blake,Sierra Leone,Family,2025-08-08,,2025-09-25 19:49:55.000
301,Molly Jennings,Lesotho,Free,2024-02-10,,2025-10-01 19:49:55.000
302,Christopher Warren,Gabon,Premium,2024-03-03,,2025-09-11 19:49:55.000
303,Katherine Davis DVM,Guinea-Bissau,Family,2024-01-21,,2025-10-07 19:49:55.000
304,Courtney Sanchez,Malaysia,Premium,2024-12-25,,2025-09-30 19:49:55.000
305,Destiny Romero,Bahrain,Free,2025-01-17,,2025-09-23 19:49:55.000
306,Mr. Dean Bowman,Angola,Premium,2024-09-18,,2025-09-07 19:49:55.000
307,Debbie Campbell,Lithuania,Family,2024-04-22,,2025-09-15 19:49:55.000
308,Michael Munoz,Saint Martin,Free,2024-07-02,,2025-09-12 19:49:55.000
309,Robert Williams,Guyana,Free,2024-09-12,,2025-09-20 19:49:55.000
310,Julie Caldwell,Central African Republic,Family,2024-08-16,,2025-09-17 19:49:55.000
311,David Leonard,Montserrat,Family,2024-02-27,,2025-09-21 19:49:55.000
312,Michael Lewis,United States of America,Family,2024-10-14,,2025-09-14 19:49:55.000
313,Andrew Waters,Jersey,Free,2023-10-13,,2025-09-28 19:49:55.000
314,Carrie Callahan,Taiwan,Family,2024-01-01,,2025-09-26 19:49:55.000
315,Michael Molina,Antigua and Barbuda,Family,2024-10-08,,2025-09-30 19:49:55.000
316,Melanie Mayo,Cayman Islands,Premium,2025-01-18,,2025-09-26 19:49:55.000
317,Gary Dougherty,Egypt,Premium,2024-03-25,,2025-09-11 19:49:55.000
318,Mike Harris DVM,Luxembourg,Family,2024-11-12,,2025-09-22 19:49:55.000
319,Richard Chambers,Uzbekistan,Premium,2024-08-06,,2025-09-27 19:49:55.000
320,David Russell,Nepal,Free,2023-10-27,,2025-09-23 19:49:55.000
321,Kyle Holden,Trinidad and Tobago,Premium,2024-11-06,,2025-09-23 19:49:55.000
322,Christopher Ross,Turkey,Free,2023-10-14,,2025-10-01 19:49:55.000
323,Taylor Goodman,Ireland,Family,2023-11-28,,2025-09-17 19:49:55.000
324,Brandon Williams,Czech Republic,Free,2025-08-23,,2025-10-05 19:49:55.000
325,Holly Rice,Niue,Family,2023-10-27,,2025-10-06 19:49:55.000
326,Luis Mills,Haiti,Free,2025-09-13,,2025-10-02 19:49:55.000
327,Mary Patel,Isle of Man,Premium,2023-10-12,,2025-09-11 19:49:55.000
328,Ryan Conrad,Comoros,Premium,2025-01-08,,2025-09-26 19:49:55.000
329,David Thompson,Senegal,Free,2024-04-05,,2025-09-21 19:49:55.000
330,Kristina Harding,Azerbaijan,Free,2024-11-11,,2025-09-16 19:49:55.000
331,Joshua Rose,Central African Republic,Premium,2025-09-19,,2025-09-24 19:49:55.000
332,Jill Davis,Angola,Premium,2025-05-24,,2025-10-06 19:49:55.000
333,Joshua Gonzales,Taiwan,Premium,2025-03-22,,2025-09-24 19:49:55.000
334,Jermaine Martin,Antigua and Barbuda,Free,2025-08-16,,2025-10-06 19:49:55.000
335,Jacob Hudson,Italy,Free,2024-10-10,,2025-09-27 19:49:55.000
336,Donald Beltran,Liechtenstein,Family,2025-05-20,,2025-10-02 19:49:55.000
337,Olivia Delgado,Cook Islands,Free,2024-02-09,,2025-09-14 19:49:55.000
338,Jonathan Thomas,Christmas Island,Premium,2024-10-14,,2025-09-15 19:49:55.000
339,James Hall,Eritrea,Family,2024-04-04,,2025-09-28 19:49:55.000
340,Rodney Armstrong,Reunion,Premium,2024-11-24,,2025-09-16 19:49:55.000
341,Samuel Guerrero,Paraguay,Family,2024-01-10,,2025-10-01 19:49:55.000
342,Scott Harris,Netherlands,Premium,2024-11-01,,2025-09-24 19:49:55.000
343,Tiffany Craig,Trinidad and Tobago,Premium,2024-08-22,,2025-10-02 19:49:55.000
344,Michael Pineda,Norway,Family,2025-03-28,,2025-09-12 19:49:55.000
345,Charles Lyons,South Africa,Free,2024-03-26,,2025-09-14 19:49:55.000
346,Melissa Brady,Lesotho,Family,2024-04-15,,2025-09-07 19:49:55.000
347,Tammy Moon,Malawi,Family,2024-11-24,,2025-10-02 19:49:55.000
348,Brenda Roberts,Isle of Man,Free,2024-06-15,,2025-09-26 19:49:55.000
349,Mariah Johnson,El Salvador,Premium,2025-02-14,,2025-09-13 19:49:55.000
350,Amy Cox,Iceland,Free,2024-07-11,,2025-10-07 19:49:55.000
351,Eric Edwards,Turks and Caicos Islands,Free,2024-05-03,,2025-09-08 19:49:55.000
352,Zachary Miller,Bulgaria,Family,2024-05-14,,2025-09-27 19:49:55.000
353,Lisa Bowen,Saint Vincent and the Grenadines,Family,2024-09-03,,2025-10-04 19:49:55.000
354,Misty Cruz,Holy See (Vatican City State),Free,2024-08-07,,2025-09-20 19:49:55.000
355,James Jackson,Dominican Republic,Free,2024-08-17,,2025-09-30 19:49:55.000
356,Mrs. Stephanie Odom DDS,Bulgaria,Premium,2025-05-28,,2025-09-21 19:49:55.000
357,George Clark,Ukraine,Premium,2025-01-17,,2025-10-03 19:49:55.000
358,Dr. Aaron Ramos PhD,Barbados,Family,2024-10-08,,2025-09-13 19:49:55.000
359,Sara Chen,Uzbekistan,Free,2025-06-22,,2025-10-05 19:49:55.000
360,Courtney Munoz,Cyprus,Free,2024-05-31,,2025-09-15 19:49:55.000
361,Joe Moore,Burundi,Family,2024-04-17,,2025-09-21 19:49:55.000
362,Sara Newton,Western Sahara,Free,2025-07-19,,2025-10-05 19:49:55.000
363,Tabitha Rice MD,Maldives,Premium,2024-05-09,,2025-09-29 19:49:55.000
364,Joseph Callahan,Norfolk Island,Premium,2024-01-19,,2025-09-09 19:49:55.000
365,Jason Glenn,Andorra,Family,2025-05-16,,2025-09-19 19:49:55.000
366,Marie Knight,Moldova,Free,2025-06-24,,2025-09-27 19:49:55.000
367,Monique Fields,Benin,Family,2025-07-01,,2025-09-14 19:49:55.000
368,Michelle Bell,Cote d'Ivoire,Free,2024-08-15,,2025-10-01 19:49:55.000
369,Casey Carpenter,Heard Island and McDonald Islands,Family,2024-07-05,,2025-10-05 19:49:55.000
370,Matthew Cook,Saint Helena,Family,2024-04-18,,2025-09-24 19:49:55.000
371,David Jimenez,Swaziland,Free,2024-03-19,,2025-09-24 19:49:55.000
372,Tyler Oconnell,Venezuela,Family,2025-05-18,,2025-10-04 19:49:55.000
373,Sydney Gentry,Bouvet Island (Bouvetoya),Premium,2025-03-09,,2025-10-05 19:49:55.000
374,Valerie Henry,Marshall Islands,Family,2024-02-05,,2025-09-21 19:49:55.000
375,Susan Cook,Iceland,Free,2025-01-01,,2025-09-20 19:49:55.000
376,Elizabeth Banks,Eritrea,Free,2024-11-21,,2025-09-09 19:49:55.000
377,Derek Doyle,Romania,Family,2024-07-14,,2025-09-22 19:49:55.000
378,Evan Mitchell,Seychelles,Free,2023-12-20,,2025-09-30 19:49:55.000
379,Susan King,Dominican Republic,Family,2024-05-09,,2025-10-07 19:49:55.000
380,Lori Miller,Bangladesh,Free,2024-02-21,,2025-09-28 19:49:55.000
381,Kevin Kelly,Israel,Free,2024-12-09,,2025-09-27 19:49:55.000
382,Robert Neal,Kazakhstan,Premium,2024-08-10,,2025-09-21 19:49:55.000
383,Jeffrey Bailey,China,Premium,2024-03-29,,2025-09-08 19:49:55.000
384,Elizabeth Ochoa,Congo,Family,2024-09-16,,2025-09-14 19:49:55.000
385,Daniel Nelson,Bolivia,Family,2025-02-19,,2025-10-04 19:49:55.000
386,Daniel Ross,Aruba,Premium,2025-01-20,,2025-09-14 19:49:55.000
387,Chelsea Gilbert,Tajikistan,Free,2024-12-23,,2025-09-28 19:49:55.000
388,Kelly Houston,Afghanistan,Premium,2024-08-15,,2025-10-01 19:49:55.000
389,Jason Patterson,Antigua and Barbuda,Free,2024-12-29,,2025-09-25 19:49:55.000
390,Billy Finley,Northern Mariana Islands,Premium,2024-10-01,,2025-09-26 19:49:55.000
391,Tracey Huynh,Pakistan,Premium,2025-08-26,,2025-09-11 19:49:55.000
392,Jennifer Villanueva,Serbia,Free,2025-02-14,,2025-10-06 19:49:55.000
393,Cole Barrett,Kazakhstan,Free,2025-08-10,,2025-09-24 19:49:55.000
394,Dakota Sosa,United Arab Emirates,Family,2023-12-05,,2025-09-26 19:49:55.000
395,Susan Olsen,Ecuador,Family,2024-09-05,,2025-10-03 19:49:55.000
396,Christina Berry,Jersey,Premium,2024-05-23,,2025-09-24 19:49:55.000
397,Steven Thomas,Jamaica,Family,2024-06-03,,2025-09-30 19:49:55.000
398,Travis Ruiz,Barbados,Premium,2025-06-07,,2025-09-13 19:49:55.000
399,James Johnson,Colombia,Free,2024-12-29,,2025-09-26 19:49:55.000
400,John Mitchell,Maldives,Family,2024-05-21,,2025-09-29 19:49:55.000
401,Jason Hernandez,Senegal,Free,2025-10-04,,2025-10-07 19:49:55.000
402,Heather Williams,French Southern Territories,Premium,2024-02-29,,2025-09-22 19:49:55.000
403,Charles Pacheco,Swaziland,Family,2025-06-13,,2025-09-24 19:49:55.000
404,Alison Jones,Bosnia and Herzegovina,Premium,2023-11-14,,2025-09-30 19:49:55.000
405,Patricia Stone,Suriname,Premium,2025-06-01,,2025-09-21 19:49:55.000
406,Sydney Hernandez,Lao People's Democratic Republic,Free,2024-04-28,,2025-09-14 19:49:55.000
407,Ana Austin,Niue,Family,2024-11-19,,2025-09-29 19:49:55.000
408,Melissa Peterson,Maldives,Premium,2024-08-23,,2025-09-10 19:49:55.000
409,Brent Rodgers,Spain,Premium,2025-07-08,,2025-09-14 19:49:55.000
410,Jody Davis,Chile,Free,2024-04-28,,2025-09-12 19:49:55.000
411,Kevin Navarro,Grenada,Family,2025-07-02,,2025-09-15 19:49:55.000
412,Jonathan Allen,Reunion,Premium,2024-01-30,,2025-09-18 19:49:55.000
413,Jennifer Payne,Antarctica (the territory South of 60 deg S),Premium,2025-05-03,,2025-09-13 19:49:55.000
414,Daniel Grant,Lebanon,Premium,2024-08-19,,2025-09-29 19:49:55.000
415,Patricia Lindsey,Seychelles,Family,2025-09-08,,2025-09-19 19:49:55.000
416,Hannah Long,Marshall Islands,Free,2024-02-19,,2025-10-04 19:49:55.000
417,April Hogan,Lao People's Democratic Republic,Free,2023-11-05,,2025-09-12 19:49:55.000
418,Michael Carter,Chile,Family,2025-05-09,,2025-10-02 19:49:55.000
419,Timothy Peters,Qatar,Free,2024-03-28,,2025-09-30 19:49:55.000
420,Michelle Lopez,Svalbard & Jan Mayen Islands,Premium,2025-08-05,,2025-09-24 19:49:55.000
421,David Williams,Bulgaria,Family,2024-02-15,,2025-10-03 19:49:55.000
422,James Parsons,Brunei Darussalam,Free,2025-08-31,,2025-09-17 19:49:55.000
423,Richard Bradley,Morocco,Premium,2024-06-17,,2025-10-01 19:49:55.000
424,Jean Bass,Cyprus,Free,2024-07-10,,2025-09-13 19:49:55.000
425,Ricardo Anderson,Poland,Free,2025-06-08,,2025-09-30 19:49:55.000
426,Lisa Howard,Indonesia,Family,2025-01-26,,2025-10-02 19:49:55.000
427,Robert Cox,Rwanda,Premium,2024-04-16,,2025-09-08 19:49:55.000
428,Christopher Schroeder,Portugal,Free,2024-02-09,,2025-09-18 19:49:55.000
429,Isabel Perry,New Zealand,Family,2024-11-18,,2025-09-28 19:49:55.000
430,Jason Davis,Saint Vincent and the Grenadines,Family,2024-07-16,,2025-09-23 19:49:55.000
431,Herbert Elliott,Moldova,Free,2025-02-13,,2025-09-07 19:49:55.000
432,Brian Clayton,Puerto Rico,Premium,2024-05-26,,2025-09-20 19:49:55.000
433,Janice Burns,Malaysia,Family,2024-04-24,,2025-09-10 19:49:55.000
434,Kathryn Anderson,Dominica,Premium,2025-09-16,,2025-09-17 19:49:55.000
435,Mallory Garcia,Saudi Arabia,Premium,2024-07-19,,2025-09-17 19:49:55.000
436,Sarah Cummings,Pakistan,Family,2025-09-23,,2025-09-15 19:49:55.000
437,Samantha Osborne,Ghana,Premium,2024-11-04,,2025-09-23 19:49:55.000
438,Kevin Shannon,Greece,Free,2025-10-02,,2025-09-17 19:49:55.000
439,Monica Barrera,Taiwan,Premium,2025-05-09,,2025-09-10 19:49:55.000
440,George Morgan,Poland,Free,2025-01-27,,2025-09-21 19:49:55.000
441,Wanda Scott,Iraq,Premium,2024-02-12,,2025-09-12 19:49:55.000
442,Sean Davis,Montserrat,Premium,2024-01-07,,2025-10-07 19:49:55.000
443,Matthew Peterson,Colombia,Premium,2024-06-05,,2025-09-27 19:49:55.000
444,Anthony Hawkins,Pakistan,Free,2024-06-03,,2025-10-01 19:49:55.000
445,Jonathan Molina,Slovakia (Slovak Republic),Family,2024-10-21,,2025-09-25 19:49:55.000
446,Lucas Arnold,Macao,Free,2025-06-22,,2025-09-11 19:49:55.000
447,Catherine Mcclure,Madagascar,Free,2025-08-06,,2025-09-24 19:49:55.000
448,Deanna Mckinney,Vanuatu,Family,2024-05-13,,2025-09-20 19:49:55.000
449,Jasmin Carter,Anguilla,Free,2025-01-09,,2025-10-06 19:49:55.000
450,Jamie Young,Sierra Leone,Family,2023-11-14,,2025-10-01 19:49:55.000
451,Philip Savage,Saint Pierre and Miquelon,Free,2024-01-16,,2025-10-05 19:49:55.000
452,Kathleen Charles,Gabon,Family,2024-11-29,,2025-09-26 19:49:55.000
453,Kimberly Carr,Belize,Premium,2025-04-19,,2025-09-15 19:49:55.000
454,Brian Johnson,Djibouti,Free,2024-11-08,,2025-09-08 19:49:55.000
455,Thomas Long,Saint Martin,Premium,2024-04-07,,2025-09-16 19:49:55.000
456,Kristin Benjamin,Heard Island and McDonald Islands,Free,2023-12-20,,2025-09-28 19:49:55.000
457,Joanna Lee,Slovakia (Slovak Republic),Premium,2025-02-06,,2025-10-02 19:49:55.000
458,Jessica Smith,Bouvet Island (Bouvetoya),Free,2024-05-15,,2025-09-13 19:49:55.000
459,Dawn King,United States of America,Free,2023-10-31,,2025-09-15 19:49:55.000
460,Brett Lopez,Brunei Darussalam,Free,2024-01-03,,2025-09-12 19:49:55.000
461,Samantha Edwards,Brazil,Premium,2024-09-13,,2025-09-15 19:49:55.000
462,Patrick Velasquez,Cote d'Ivoire,Family,2025-06-02,,2025-09-15 19:49:55.000
463,Jessica Lewis,Slovenia,Free,2025-03-08,,2025-10-06 19:49:55.000
464,Kelly Edwards,Azerbaijan,Premium,2024-01-20,,2025-10-06 19:49:55.000
465,Brittany Lucero,Malawi,Free,2024-03-18,,2025-09-15 19:49:55.000
466,Timothy Anderson,Anguilla,Family,2024-07-11,,2025-09-28 19:49:55.000
467,Emily Franklin,British Indian Ocean Territory (Chagos Archipelago),Premium,2025-05-25,,2025-09-09 19:49:55.000
468,Deborah Price,Australia,Premium,2024-03-27,,2025-09-16 19:49:55.000
469,Jennifer Gaines,Korea,Premium,2025-05-16,,2025-09-23 19:49:55.000
470,Amanda Chandler,Vanuatu,Family,2025-06-23,,2025-09-20 19:49:55.000
471,Joshua Butler,Ethiopia,Free,2025-09-14,,2025-09-25 19:49:55.000
472,Sarah Smith,Swaziland,Premium,2023-10-20,,2025-09-08 19:49:55.000
473,Sarah Smith,Heard Island and McDonald Islands,Free,2025-01-01,,2025-09-09 19:49:55.000
474,Robert Thompson,Burundi,Premium,2024-04-14,,2025-09-17 19:49:55.000
475,Steven Allen,Bosnia and Herzegovina,Family,2025-09-19,,2025-09-26 19:49:55.000
476,Brad Morgan,Venezuela,Free,2024-12-15,,2025-09-12 19:49:55.000
477,Nicholas Rose,Georgia,Premium,2024-11-30,,2025-09-23 19:49:55.000
478,Matthew Johnson,Tokelau,Free,2023-10-11,,2025-09-19 19:49:55.000
479,John Rubio,Qatar,Premium,2024-08-19,,2025-09-14 19:49:55.000
480,Jacqueline Carter,Gabon,Family,2025-04-23,,2025-10-02 19:49:55.000
481,Donald Walker,Peru,Free,2024-09-10,,2025-09-25 19:49:55.000
482,Donna Benson,Saint Vincent and the Grenadines,Free,2025-06-02,,2025-10-06 19:49:55.000
483,Kelly Simmons,Hong Kong,Family,2024-01-10,,2025-09-30 19:49:55.000
484,Rebecca Cochran,Bhutan,Premium,2024-06-17,,2025-09-12 19:49:55.000
485,Derrick Hall,China,Free,2023-12-24,,2025-10-05 19:49:55.000
486,April Graham,American Samoa,Free,2025-06-23,,2025-09-15 19:49:55.000
487,Kimberly Delacruz,Guinea,Family,2025-02-16,,2025-09-29 19:49:55.000
488,Jesse Oneill,United Arab Emirates,Family,2023-12-29,,2025-10-04 19:49:55.000
489,Jeffrey Wilson,Indonesia,Premium,2024-06-03,,2025-09-25 19:49:55.000
490,Alexander Kennedy,Greece,Family,2025-05-18,,2025-09-18 19:49:55.000
491,Dylan Holmes,Canada,Free,2024-03-07,,2025-09-27 19:49:55.000
492,Jeffery Morris,Saint Vincent and the Grenadines,Free,2024-06-21,,2025-09-15 19:49:55.000
493,Justin Kaufman,Netherlands,Free,2025-08-19,,2025-09-27 19:49:55.000
494,Michael Mccarthy,Mali,Family,2024-06-16,,2025-10-07 19:49:55.000
495,Andrew Myers,Uganda,Premium,2024-11-30,,2025-10-04 19:49:55.000
496,Andrew Matthews,Taiwan,Family,2025-08-08,,2025-09-17 19:49:55.000
497,William Smith,Australia,Premium,2023-10-30,,2025-09-16 19:49:55.000
498,Michael Hayes,Kuwait,Premium,2025-07-28,,2025-09-17 19:49:55.000
499,Brittany Bishop,United Kingdom,Premium,2023-12-11,,2025-10-07 19:49:55.000
500,Julie Wise,Faroe Islands,Premium,2024-01-02,,2025-09-18 19:49:55.000
